Customer ID,Customer Name,Country,Region,State,City,Postal Code
AA-10315,Alex Avila,1,1,22,301,309
AA-10375,Allen Armold,1,4,2,294,490
AA-10480,Andrew Allen,1,3,32,97,119
AA-10645,Anna Andreadi,1,2,37,79,78
AB-10015,Aaron Bergman,1,4,46,453,619
AB-10060,Adam Bellavance,1,2,31,330,52
AB-10105,Adrian Barton,1,4,2,376,489
AB-10150,Aimee Bixby,1,2,31,263,61
AB-10165,Alan Barnes,1,4,4,267,517
AB-10255,Alejandro Ballentine,1,2,34,266,227
AB-10600,Ann Blume,1,4,2,490,500
AC-10420,Alyssa Crouse,1,4,4,439,578
AC-10450,Amy Cox,1,1,22,301,309
AC-10615,Ann Chong,1,2,31,330,52
AC-10660,Anna Chung,1,1,42,210,427
AD-10180,Alan Dominguez,1,1,42,208,423
AF-10870,Art Ferguson,1,1,42,92,439
AF-10885,Art Foster,1,3,16,268,210
AG-10270,Alejandro Grove,1,4,43,514,484
AG-10300,Aleksandra Gannaway,1,4,4,267,519
AG-10330,Alex Grayson,1,4,4,467,591
AG-10390,Allen Goldenen,1,2,34,84,239
AG-10495,Andrew Gjertsen,1,2,37,375,81
AG-10525,Andy Gerbode,1,3,9,430,179
AG-10675,Anna Gayman,1,1,42,208,422
AG-10765,Anthony Garverick,1,2,37,375,79
AG-10900,Arthur Gainer,1,4,2,490,500
AH-10030,Aaron Hawkins,1,2,37,375,80
AH-10075,Adam Hart,1,2,31,330,53
AH-10120,Adrian Hane,1,4,2,490,500
AH-10195,Alan Haines,1,3,9,473,172
AH-10210,Alan Hwang,1,4,4,50,581
AH-10465,Amy Hunt,1,2,31,330,55
AH-10585,Angele Hood,1,1,12,81,347
AH-10690,Anna Häberlin,1,2,31,330,54
AI-10855,Arianne Irving,1,2,37,375,79
AJ-10780,Anthony Jacobs,1,3,45,465,95
AJ-10795,Anthony Johnson,1,3,9,430,179
AJ-10945,Ashley Jarboe,1,3,32,522,124
AJ-10960,Astrea Jones,1,2,31,411,71
AM-10360,Alice McCarthy,1,1,42,173,403
AM-10705,Anne McFarland,1,3,1,24,190
AO-10810,Anthony O'Donnell,1,4,4,267,518
AP-10720,Anne Pryor,1,2,31,330,55
AP-10915,Arthur Prichep,1,3,9,361,147
AR-10345,Alex Russell,1,2,20,248,5
AR-10405,Allen Rosenblatt,1,2,20,157,8
AR-10510,Andrew Roberts,1,2,37,375,80
AR-10540,Andy Reiter,1,2,31,330,54
AR-10570,Anemone Ratner,1,3,10,95,144
AR-10825,Anthony Rawles,1,4,46,499,628
AS-10045,Aaron Smayling,1,3,32,217,125
AS-10090,Adam Shillingsburg,1,3,45,76,99
AS-10135,Adrian Shami,1,2,31,330,55
AS-10225,Alan Schoenberger,1,2,31,330,54
AS-10240,Alan Shonely,1,3,9,474,178
AS-10285,Alejandro Savely,1,4,4,439,576
AS-10630,Ann Steele,1,1,42,365,429
AT-10435,Alyssa Tate,1,4,4,267,514
AT-10735,Annie Thurman,1,4,46,453,621
AW-10840,Anthony Witt,1,1,42,6,397
AW-10930,Arthur Wiediger,1,1,12,25,343
AY-10555,Andy Yotov,1,4,4,344,541
AZ-10750,Annie Zypern,1,2,31,330,52
BB-10990,Barry Blumstein,1,4,4,213,521
BB-11545,Brenda Bowman,1,1,42,208,424
BC-11125,Becky Castell,1,4,2,372,497
BD-11320,Bill Donatelli,1,4,4,439,577
BD-11500,Bradley Drucker,1,1,48,178,295
BD-11560,Brendan Dodson,1,4,4,160,572
BD-11605,Brian Dahlen,1,2,20,248,5
BD-11620,Brian DeCherney,1,4,4,439,578
BD-11635,Brian Derr,1,3,16,47,215
BD-11725,Bruce Degenhardt,1,3,16,408,212
BD-11770,Bryan Davis,1,1,42,208,424
BE-11335,Bill Eplett,1,1,21,216,277
BE-11410,Bobby Elias,1,2,34,242,221
BE-11455,Brad Eason,1,1,15,347,367
BF-10975,Barbara Fisher,1,3,32,75,122
BF-11005,Barry Franz,1,4,4,365,528
BF-11020,Barry Französisch,1,1,48,178,295
BF-11080,Bart Folk,1,2,19,29,93
BF-11170,Ben Ferrer,1,4,4,267,517
BF-11215,Benjamin Farhat,1,4,30,4,502
BF-11275,Beth Fritzler,1,4,2,490,500
BG-11035,Barry Gonzalez,1,3,17,309,380
BG-11695,Brooke Gillingham,1,2,34,84,239
BG-11740,Bruce Geld,1,2,37,375,79
BH-11710,Brosina Hoffman,1,4,4,267,516
BK-11260,Berenike Kampe,1,2,31,330,55
BM-11140,Becky Martin,1,1,42,435,441
BM-11575,Brendan Murry,1,2,31,330,55
BM-11650,Brian Moss,1,2,31,330,55
BM-11785,Bryan Mills,1,2,34,95,222
BN-11470,Brad Norvell,1,3,32,69,112
BN-11515,Bradley Nguyen,1,4,4,267,519
BO-11350,Bill Overfelt,1,4,4,267,518
BO-11425,Bobby Odegard,1,3,16,408,212
BP-11050,Barry Pond,1,2,38,108,18
BP-11095,Bart Pistole,1,1,12,372,351
BP-11155,Becky Pak,1,3,10,95,144
BP-11185,Ben Peterman,1,4,5,19,456
BP-11230,Benjamin Patterson,1,4,46,463,629
BP-11290,Beth Paige,1,1,12,146,336
BS-11365,Bill Shonely,1,2,31,330,53
BS-11380,Bill Stewart,1,1,12,458,329
BS-11590,Brendan Sweed,1,4,2,167,492
BS-11665,Brian Stugart,1,2,37,375,82
BS-11755,Bruce Stewart,1,4,5,121,464
BS-11800,Bryan Spruell,1,2,31,330,53
BT-11305,Beth Thompson,1,4,4,105,555
BT-11395,Bill Tyler,1,1,21,124,268
BT-11440,Bobby Trafton,1,4,5,260,462
BT-11485,Brad Thomas,1,2,19,89,89
BT-11530,Bradley Talbott,1,4,4,267,517
BT-11680,Brian Thompson,1,2,34,331,219
BV-11245,Benjamin Venier,1,1,14,122,280
BW-11065,Barry Weirich,1,3,32,395,115
BW-11110,Bart Watters,1,1,48,300,292
BW-11200,Ben Wallace,1,3,9,48,175
CA-11965,Carol Adams,1,3,1,206,183
CA-12055,Cathy Armstrong,1,1,42,208,424
CA-12265,Christina Anderson,1,1,12,81,346
CA-12310,Christine Abelman,1,2,34,84,239
CA-12775,Cynthia Arntzen,1,3,9,474,178
CB-12025,Cassandra Brandow,1,2,34,188,236
CB-12415,Christy Brittain,1,2,34,95,222
CB-12535,Claudia Bergmann,1,3,32,74,113
CC-12100,Chad Cunningham,1,1,13,95,252
CC-12145,Charles Crestani,1,4,4,267,514
CC-12220,Chris Cortes,1,1,13,232,246
CC-12370,Christopher Conant,1,3,32,151,123
CC-12430,Chuck Clark,1,1,13,95,252
CC-12475,Cindy Chapman,1,2,31,330,54
CC-12550,Clay Cheatham,1,4,4,439,578
CC-12610,Corey Catlett,1,2,37,375,80
CC-12670,Craig Carreira,1,2,31,330,52
CC-12685,Craig Carroll,1,3,32,179,111
CD-11920,Carlos Daly,1,4,4,237,551
CD-11980,Carol Darley,1,1,42,494,412
CD-12280,Christina DeMoss,1,4,46,453,620
CD-12790,Cynthia Delaney,1,4,4,438,540
CG-12040,Catherine Glotzbach,1,2,37,375,79
CG-12520,Claire Gute,1,3,16,195,217
CH-12070,Cathy Hwang,1,3,32,395,115
CJ-11875,Carl Jackson,1,2,37,375,81
CJ-12010,Caroline Jumper,1,4,4,209,557
CK-12205,Chloris Kastensmidt,1,2,37,375,79
CK-12325,Christine Kargatis,1,4,43,352,482
CK-12595,Clytie Kelty,1,2,34,183,220
CK-12760,Cyma Kinney,1,2,29,257,37
CL-11890,Carl Ludwig,1,2,20,147,11
CL-12565,Clay Ludtke,1,1,14,495,281
CL-12700,Craig Leslie,1,1,24,465,366
CM-11815,Candace McMahon,1,1,42,365,429
CM-11935,Carlos Meador,1,3,32,151,123
CM-12115,Chad McGuire,1,2,31,330,53
CM-12160,Charles McCrossin,1,1,42,55,444
CM-12190,Charlotte Melton,1,2,37,375,80
CM-12235,Chris McAfee,1,1,42,68,398
CM-12385,Christopher Martinez,1,3,10,22,138
CM-12445,Chuck Magee,1,4,4,439,578
CM-12655,Corinna Mitchell,1,4,4,267,515
CM-12715,Craig Molinari,1,1,42,210,427
Co-12640,Corey-Lock,1,2,37,375,82
CP-12085,Cathy Prescott,1,2,6,341,26
CP-12340,Christine Phan,1,2,31,330,52
CR-12580,Clay Rozendal,1,1,12,140,333
CR-12625,Corey Roper,1,2,29,241,49
CR-12730,Craig Reiter,1,2,34,95,222
CR-12820,Cyra Reiten,1,2,31,330,55
CS-11845,Cari Sayre,1,4,46,453,620
CS-11860,Cari Schnelling,1,3,32,217,125
CS-11950,Carlos Soltero,1,1,12,81,346
CS-12130,Chad Sievert,1,4,4,267,514
CS-12175,Charles Sheldon,1,3,41,94,205
CS-12250,Chris Selesnick,1,3,17,46,379
CS-12355,Christine Sundaresam,1,3,10,420,135
CS-12400,Christopher Schild,1,1,12,81,347
CS-12460,Chuck Sachs,1,3,10,95,144
CS-12490,Cindy Schnelling,1,1,42,98,426
CS-12505,Cindy Stewart,1,3,32,481,110
CT-11995,Carol Triggs,1,1,22,411,311
CV-12295,Christina VanderZanden,1,4,4,160,572
CV-12805,Cynthia Voltz,1,2,31,330,55
CW-11905,Carl Weiss,1,1,42,210,427
CY-12745,Craig Yedwab,1,4,4,343,587
DA-13450,Dianna Arnett,1,1,42,208,425
DB-12910,Daniel Byrd,1,3,9,474,178
DB-12970,Darren Budd,1,4,4,267,514
DB-13060,Dave Brooks,1,4,46,453,621
DB-13120,David Bremer,1,4,4,449,589
DB-13210,Dean Braden,1,1,42,208,423
DB-13270,Deborah Brumfield,1,4,4,438,538
DB-13360,Dennis Bolton,1,2,31,330,52
DB-13405,Denny Blanton,1,1,13,232,246
DB-13555,Dorothy Badders,1,3,9,217,149
DB-13615,Doug Bickford,1,4,4,267,518
DB-13660,Duane Benoit,1,2,31,344,62
DC-12850,Dan Campbell,1,3,1,152,186
DC-13285,Debra Catini,1,1,22,106,301
DD-13570,Dorothy Dickinson,1,1,42,208,423
DE-13255,Deanra Eno,1,2,34,465,241
DF-13135,David Flashing,1,4,4,498,586
DG-13300,Deirdre Greer,1,2,37,375,80
DH-13075,Dave Hallsten,1,3,16,408,212
DH-13675,Duane Huffman,1,2,20,394,13
DJ-13420,Denny Joy,1,3,10,504,142
DJ-13510,Don Jones,1,3,41,318,195
DJ-13630,Doug Jacobs,1,2,31,330,54
DK-12835,Damala Kotsonis,1,4,4,432,573
DK-12895,Dana Kaydos,1,1,48,225,290
DK-12985,Darren Koutras,1,3,16,195,217
DK-13090,Dave Kipp,1,4,46,453,619
DK-13150,David Kendrick,1,1,12,117,357
DK-13225,Dean Katz,1,2,37,375,81
DK-13375,Dennis Kane,1,2,34,282,223
DL-12865,Dan Lawera,1,2,34,84,239
DL-12925,Daniel Lacy,1,4,4,344,541
DL-13315,Delfina Latchford,1,2,31,330,54
DL-13330,Denise Leinenbach,1,4,30,245,506
DL-13495,Dionis Lloyd,1,4,4,439,577
Dl-13600,Dorris liebe,1,1,42,365,429
DM-12955,Dario Medina,1,1,21,256,262
DM-13015,Darrin Martin,1,4,4,142,538
DM-13345,Denise Monton,1,3,10,420,135
DM-13525,Don Miller,1,1,42,208,424
DN-13690,Duane Noonan,1,4,4,439,578
DO-13435,Denny Ordway,1,3,9,370,160
DO-13645,Doug O'Connell,1,4,4,267,517
DP-13000,Darren Powers,1,1,13,325,251
DP-13105,Dave Poirier,1,4,4,432,573
DP-13165,David Philippe,1,2,31,330,55
Dp-13240,Dean percer,1,4,43,319,486
DP-13390,Dennis Pardue,1,1,12,372,351
DR-12880,Dan Reichenbach,1,1,12,81,347
DR-12940,Daniel Raglin,1,2,20,157,8
DS-13030,Darrin Sayre,1,4,46,453,621
DS-13180,David Smith,1,1,21,124,268
DV-13045,Darrin Van Huff,1,4,4,267,517
DV-13465,Dianna Vittorini,1,4,5,121,464
DW-13195,David Wiener,1,1,42,208,425
DW-13480,Dianna Wilson,1,1,22,240,302
DW-13540,Don Weiss,1,4,46,453,620
DW-13585,Dorothy Wardle,1,2,34,95,222
EA-14035,Erin Ashbrook,1,3,32,75,122
EB-13705,Ed Braxton,1,2,34,3,235
EB-13750,Edward Becker,1,4,46,453,619
EB-13840,Ellis Ballard,1,4,46,453,620
EB-13870,Emily Burns,1,4,43,352,482
EB-13930,Eric Barreto,1,4,4,439,577
EB-13975,Erica Bern,1,4,4,148,584
EB-14110,Eugene Barchas,1,2,37,375,80
EB-14170,Evan Bailliet,1,3,32,522,124
EC-14050,Erin Creighton,1,2,31,330,54
ED-13885,Emily Ducich,1,4,4,438,540
EG-13900,Emily Grady,1,2,31,344,62
EH-13765,Edward Hooks,1,2,31,509,68
EH-13945,Eric Hoffmann,1,4,4,267,519
EH-13990,Erica Hackney,1,3,10,420,135
EH-14005,Erica Hernandez,1,4,5,121,464
EH-14125,Eugene Hildebrand,1,1,12,25,343
EH-14185,Evan Henry,1,3,1,117,185
EJ-13720,Ed Jacobs,1,4,4,438,540
EJ-14155,Eva Jacobs,1,3,23,184,209
EK-13795,Eileen Kiefer,1,4,4,447,562
EL-13735,Ed Ludwig,1,2,19,94,92
EM-13810,Eleni McCrary,1,4,4,267,517
EM-13825,Elizabeth Moffitt,1,1,40,457,314
EM-13960,Eric Murdock,1,2,37,375,80
EM-14065,Erin Mull,1,2,31,330,54
EM-14095,Eudokia Martin,1,4,4,267,517
EM-14140,Eugene Moren,1,4,2,169,495
EM-14200,Evan Minnotte,1,3,45,501,104
EN-13780,Edward Nazzal,1,2,31,330,55
EP-13915,Emily Phan,1,1,12,81,348
ER-13855,Elpida Rittenbach,1,1,22,428,303
ES-14020,Erica Smith,1,4,4,439,577
ES-14080,Erin Smith,1,3,9,289,156
FA-14230,Frank Atkinson,1,4,4,263,527
FC-14245,Frank Carlisle,1,2,34,241,230
FC-14335,Fred Chung,1,1,42,295,409
FG-14260,Frank Gastineau,1,4,4,439,577
FH-14275,Frank Hawley,1,1,13,232,246
FH-14350,Fred Harton,1,4,46,453,620
FH-14365,Fred Hopkins,1,2,37,375,79
FM-14215,Filia McAdams,1,2,34,127,218
FM-14290,Frank Merwin,1,4,4,267,516
FM-14380,Fred McMath,1,4,5,25,457
FO-14305,Frank Olsen,1,2,31,330,55
FP-14320,Frank Preis,1,4,4,267,515
FW-14395,Fred Wasserman,1,3,1,210,187
GA-14515,George Ashbrook,1,4,4,439,578
GA-14725,Guy Armstrong,1,2,34,266,227
GB-14530,George Bell,1,2,31,24,65
GB-14575,Giulietta Baptist,1,2,37,375,80
GD-14590,Giulietta Dortch,1,2,37,375,82
GG-14650,Greg Guthrie,1,3,41,52,200
GH-14410,Gary Hansen,1,4,2,169,495
GH-14425,Gary Hwang,1,4,2,490,500
GH-14485,Gene Hale,1,1,42,407,406
GH-14665,Greg Hansen,1,1,42,421,448
GK-14620,Grace Kelly,1,4,4,197,546
GM-14440,Gary McGarr,1,4,4,439,578
GM-14455,Gary Mitchum,1,1,42,208,425
GM-14500,Gene McClure,1,2,38,391,17
GM-14680,Greg Matthias,1,4,46,453,620
GM-14695,Greg Maxwell,1,4,4,267,517
GP-14740,Guy Phonely,1,2,37,242,75
GR-14560,Georgia Rosenberg,1,4,4,439,577
GT-14635,Grant Thornton,1,3,32,61,109
GT-14710,Greg Tran,1,1,42,208,424
GT-14755,Guy Thornton,1,1,42,190,446
GW-14605,Giulietta Weimer,1,4,46,453,621
GZ-14470,Gary Zandusky,1,1,22,411,311
GZ-14545,George Zrebassa,1,2,20,248,5
HA-14905,Helen Abelman,1,2,31,330,54
HA-14920,Helen Andreada,1,4,4,365,528
HD-14785,Harold Dahlen,1,2,37,375,82
HE-14800,Harold Engle,1,1,12,81,347
HF-14995,Herbert Flentye,1,1,13,212,244
HG-14845,Harry Greene,1,3,17,236,378
HG-14965,Henry Goldwyn,1,4,4,267,516
HG-15025,Hunter Glantz,1,1,42,9,451
HH-15010,Hilary Holden,1,4,4,439,577
HJ-14875,Heather Jas,1,3,9,217,149
HK-14890,Heather Kirkland,1,3,41,157,192
HL-15040,Hunter Lopez,1,1,42,208,425
HM-14860,Harry Marie,1,2,37,375,79
HM-14980,Henry MacAllister,1,2,31,330,52
HP-14815,Harold Pawlan,1,1,42,155,417
HR-14770,Hallie Redmond,1,4,4,267,518
HR-14830,Harold Ryan,1,4,46,453,619
HW-14935,Helen Wasserman,1,4,4,438,542
HZ-14950,Henia Zydlo,1,2,34,95,222
IG-15085,Ivan Gibson,1,4,4,438,538
IL-15100,Ivan Liston,1,4,4,439,578
IM-15055,Ionia McGrath,1,4,4,419,597
IM-15070,Irene Maddox,1,4,46,453,619
JA-15970,Joseph Airdo,1,4,2,376,489
JB-15400,Jennifer Braxton,1,1,12,81,347
JB-15925,Joni Blumstein,1,2,34,127,218
JB-16000,Joy Bell-,1,1,42,55,444
JB-16045,Julia Barnett,1,3,10,95,144
JC-15340,Jasper Cacioppo,1,4,4,267,516
JC-15385,Jenna Caffey,1,4,46,226,615
JC-15775,John Castell,1,1,42,435,441
JC-16105,Julie Creighton,1,3,32,129,116
JD-15790,John Dryer,1,1,42,101,399
JD-15895,Jonathan Doherty,1,2,37,375,81
JD-16015,Joy Daniels,1,1,12,81,346
JD-16060,Julia Dunbar,1,4,4,439,576
JD-16150,Justin Deggeller,1,1,22,301,309
JE-15475,Jeremy Ellison,1,2,31,489,64
JE-15610,Jim Epp,1,1,48,300,292
JE-15715,Joe Elijah,1,4,5,54,458
JE-15745,Joel Eaton,1,3,41,290,202
JE-16165,Justin Ellison,1,1,48,157,289
JF-15190,Jamie Frazer,1,4,4,267,515
JF-15295,Jason Fortune-,1,4,46,453,619
JF-15355,Jay Fein,1,1,42,26,450
JF-15415,Jennifer Ferguson,1,2,31,330,54
JF-15490,Jeremy Farry,1,4,46,453,620
JF-15565,Jill Fjeld,1,1,42,110,407
JG-15115,Jack Garza,1,4,46,122,622
JG-15160,James Galang,1,4,4,267,519
JG-15310,Jason Gross,1,2,38,391,17
JG-15805,John Grady,1,2,31,330,54
JH-15430,Jennifer Halladay,1,3,32,61,109
JH-15820,John Huston,1,2,34,226,233
JH-15910,Jonathan Howell,1,4,4,267,516
JH-15985,Joseph Holt,1,1,21,424,273
JH-16180,Justin Hirsh,1,4,5,393,471
JJ-15445,Jennifer Jackson,1,4,4,267,514
JJ-15760,Joel Jenkins,1,3,45,465,95
JK-15205,Jamie Kunitz,1,4,4,439,578
JK-15325,Jason Klamczynski,1,1,42,110,411
JK-15370,Jay Kimmel,1,4,4,263,527
JK-15625,Jim Karlsson,1,4,46,453,621
JK-15640,Jim Kriz,1,2,31,330,52
JK-15730,Joe Kamberova,1,3,32,20,127
JK-16090,Juliana Krohn,1,1,26,349,373
JK-16120,Julie Kriz,1,1,12,25,343
JL-15130,Jack Lebron,1,1,42,208,422
JL-15175,James Lanier,1,3,41,94,205
JL-15235,Janet Lee,1,1,12,81,347
JL-15505,Jeremy Lonsdale,1,2,31,330,55
JL-15835,John Lee,1,4,4,304,561
JL-15850,John Lucas,1,2,37,375,80
JM-15250,Janet Martin,1,3,32,75,122
JM-15265,Janet Molinari,1,2,31,330,54
JM-15535,Jessica Myrick,1,2,37,375,82
JM-15580,Jill Matthias,1,3,32,309,121
JM-15655,Jim Mitchum,1,2,29,51,46
JM-15865,John Murray,1,2,31,218,72
JM-16195,Justin MacKendrick,1,4,4,267,514
JO-15145,Jack O'Briant,1,2,37,375,81
JO-15280,Jas O'Carroll,1,4,4,267,514
JO-15550,Jesus Ocampo,1,2,37,79,78
JP-15460,Jennifer Patt,1,2,31,344,62
JP-15520,Jeremy Pistek,1,4,4,439,577
JP-16135,Julie Prescott,1,3,10,95,144
JR-15670,Jim Radford,1,2,6,297,28
JR-15700,Jocasta Rupert,1,3,9,217,149
JR-16210,Justin Ritter,1,2,34,465,241
JS-15595,Jill Stevenson,1,4,4,267,518
JS-15685,Jim Sink,1,4,4,267,517
JS-15880,John Stevenson,1,4,46,453,619
JS-15940,Joni Sundaresam,1,1,12,362,328
JS-16030,Joy Smith,1,1,42,208,422
JW-15220,Jane Waco,1,4,46,499,628
JW-15955,Joni Wasserman,1,4,4,343,587
JW-16075,Julia West,1,2,37,375,81
KA-16525,Kelly Andreada,1,4,4,350,532
KB-16240,Karen Bern,1,4,4,267,517
KB-16315,Karl Braun,1,1,22,301,309
KB-16405,Katrina Bavinger,1,4,4,15,545
KB-16585,Ken Black,1,1,26,159,372
KB-16600,Ken Brennan,1,1,42,208,423
KC-16255,Karen Carlisle,1,4,4,439,577
KC-16540,Kelly Collister,1,4,4,438,540
KC-16675,Kimberly Carter,1,4,46,453,620
KD-16270,Karen Daniels,1,3,45,465,95
KD-16345,Katherine Ducich,1,4,4,439,578
KD-16495,Keith Dawkins,1,2,31,330,52
KD-16615,Ken Dana,1,4,2,452,493
KE-16420,Katrina Edelman,1,3,41,52,200
KF-16285,Karen Ferguson,1,4,4,278,593
KH-16330,Katharine Harms,1,3,16,47,215
KH-16360,Katherine Hughes,1,2,37,375,82
KH-16510,Keith Herrera,1,4,4,439,577
KH-16630,Ken Heidel,1,1,42,435,441
KH-16690,Kristen Hastings,1,4,4,439,577
KL-16555,Kelly Lampkin,1,4,5,93,470
KL-16645,Ken Lonsdale,1,1,12,81,346
KM-16225,Kalyca Meade,1,2,31,330,53
KM-16375,Katherine Murray,1,3,45,431,107
KM-16660,Khloe Miller,1,3,10,420,135
KM-16720,Kunst Miller,1,4,4,267,514
KN-16390,Katherine Nockton,1,4,4,267,514
KN-16450,Kean Nguyen,1,3,9,217,149
KN-16705,Kristina Nunn,1,4,5,153,467
KS-16300,Karen Seio,1,4,43,253,481
KT-16465,Kean Takahito,1,4,4,267,519
KT-16480,Kean Thornton,1,2,31,57,69
KW-16435,Katrina Willman,1,2,31,330,52
KW-16570,Kelly Williams,1,3,41,86,191
LA-16780,Laura Armstrong,1,1,21,475,263
LB-16735,Larry Blacks,1,1,42,155,417
LB-16795,Laurel Beltran,1,1,12,200,326
LC-16870,Lena Cacioppo,1,4,5,25,457
LC-16885,Lena Creighton,1,4,4,419,597
LC-16930,Linda Cazamias,1,1,12,322,344
LC-16960,Lindsay Castell,1,3,45,17,96
LC-17050,Liz Carlisle,1,4,4,304,561
LC-17140,Logan Currie,1,1,42,110,411
LD-16855,Lela Donovan,1,1,12,81,348
LD-17005,Lisa DeCherney,1,4,4,439,576
LE-16810,Laurel Elliston,1,4,4,520,523
LF-17185,Luke Foster,1,3,9,296,169
LH-16750,Larry Hughes,1,3,32,75,122
LH-16900,Lena Hernandez,1,2,7,125,86
LH-17020,Lisa Hazard,1,2,34,95,222
LH-17155,Logan Haushalter,1,4,4,439,576
LL-16840,Lauren Leatherbury,1,2,31,411,71
LM-17065,Liz MacKendrick,1,2,34,465,241
LO-17170,Lori Olson,1,4,4,233,544
LP-17080,Liz Pelletier,1,4,4,439,577
LP-17095,Liz Preis,1,3,16,319,214
LR-16915,Lena Radford,1,4,4,438,538
LR-17035,Lisa Ryan,1,2,37,375,80
LS-16945,Linda Southworth,1,2,37,375,81
LS-16975,Lindsay Shagiari,1,4,4,267,514
LS-17200,Luke Schmidt,1,1,12,458,329
LS-17230,Lycoris Saunders,1,2,7,125,86
LS-17245,Lynn Smith,1,1,24,168,363
LT-16765,Larry Tron,1,4,4,144,539
LT-17110,Liz Thompson,1,4,4,242,571
LW-16825,Laurel Workman,1,3,9,120,153
LW-16990,Lindsay Williams,1,4,4,439,577
LW-17125,Liz Willingham,1,2,6,341,26
LW-17215,Luke Weiss,1,4,4,365,528
MA-17560,Matt Abelman,1,1,42,208,425
MA-17995,Michelle Arnett,1,2,31,509,68
MB-17305,Maria Bertelson,1,2,34,3,235
MB-18085,Mick Brown,1,2,29,500,47
MC-17275,Marc Crier,1,3,17,234,377
MC-17425,Mark Cousins,1,3,1,307,189
MC-17575,Matt Collins,1,2,34,84,239
MC-17590,Matt Collister,1,2,29,373,50
MC-17605,Matt Connell,1,1,21,124,269
MC-17635,Matthew Clasen,1,1,24,427,358
MC-17845,Michael Chen,1,3,23,216,207
MC-18100,Mick Crebagga,1,1,42,138,455
MC-18130,Mike Caudle,1,3,17,309,380
MD-17350,Maribeth Dona,1,3,3,151,387
MD-17860,Michael Dominguez,1,1,13,212,244
ME-17320,Maria Etezadi,1,3,10,95,144
ME-17725,Max Engle,1,4,5,25,457
ME-18010,Michelle Ellison,1,4,4,439,578
MF-17665,Maureen Fritzler,1,2,34,486,225
MF-18250,Monica Federle,1,4,4,267,517
MG-17650,Matthew Grinstein,1,2,37,375,82
MG-17680,Maureen Gastineau,1,2,34,331,219
MG-17695,Maureen Gnade,1,2,31,57,69
MG-17875,Michael Grace,1,2,31,330,53
MG-17890,Michael Granlund,1,2,19,89,89
MG-18145,Mike Gockenbach,1,2,37,375,80
MG-18205,Mitch Gastineau,1,3,9,217,149
MH-17290,Marc Harrigan,1,4,4,267,517
MH-17440,Mark Haberlin,1,2,31,330,55
MH-17455,Mark Hamilton,1,3,32,217,125
MH-17620,Matt Hagelstein,1,4,4,439,577
MH-17785,Maya Herman,1,2,31,258,63
MH-18025,Michelle Huthwaite,1,4,46,453,621
MH-18115,Mick Hernandez,1,2,37,79,78
MJ-17740,Max Jones,1,4,46,453,621
MK-17905,Michael Kennedy,1,2,6,275,25
MK-18160,Mike Kennedy,1,3,9,217,149
ML-17395,Marina Lichtenstein,1,4,4,267,515
ML-17410,Maris LaWare,1,2,6,148,33
ML-17755,Max Ludwig,1,3,45,468,103
ML-18040,Michelle Lonsdale,1,4,30,4,502
ML-18265,Muhammed Lee,1,4,46,453,619
MM-17260,Magdelene Morse,1,2,7,522,85
MM-17920,Michael Moore,1,4,4,439,577
MM-18055,Michelle Moray,1,4,46,453,621
MM-18280,Muhammed MacIntyre,1,1,12,394,356
MN-17935,Michael Nguyen,1,1,42,110,411
MO-17500,Mary O'Rourke,1,2,31,330,55
MO-17800,Meg O'Connel,1,2,31,330,52
MO-17950,Michael Oakman,1,1,42,110,411
MP-17470,Mark Packer,1,2,31,330,55
MP-17965,Michael Paige,1,2,20,248,5
MP-18175,Mike Pelletier,1,4,4,235,559
MR-17545,Mathew Reese,1,2,37,375,81
MS-17365,Maribeth Schnelling,1,1,21,124,268
MS-17530,MaryBeth Skach,1,4,4,438,540
MS-17710,Maurice Satty,1,4,2,294,490
MS-17770,Maxwell Schwartz,1,2,31,330,55
MS-17830,Melanie Seite,1,1,42,244,440
MS-17980,Michael Stewart,1,1,42,110,411
MT-17815,Meg Tillman,1,4,2,452,493
MT-18070,Michelle Tran,1,4,4,267,518
MV-17485,Mark Van Huff,1,3,45,17,96
MV-18190,Mike Vittorini,1,2,31,330,52
MW-18220,Mitch Webber,1,2,31,330,55
MW-18235,Mitch Willingham,1,3,45,501,104
MY-17380,Maribeth Yedwab,1,4,5,363,463
MY-18295,Muhammed Yedwab,1,1,42,175,415
MZ-17335,Maria Zettner,1,4,4,438,538
MZ-17515,Mary Zewe,1,4,4,400,547
NB-18580,Nicole Brennan,1,2,37,375,80
NB-18655,Nona Balk,1,1,42,110,410
NC-18340,Nat Carroll,1,1,21,243,276
NC-18415,Nathan Cano,1,3,32,217,125
NC-18535,Nick Crebassa,1,1,42,110,410
NC-18625,Noah Childs,1,4,5,25,457
ND-18370,Natalie DeCherney,1,3,16,268,210
ND-18460,Neil Ducich,1,3,10,272,143
NF-18385,Natalie Fritzler,1,3,23,216,207
NF-18475,Neil Französisch,1,1,12,414,350
NF-18595,Nicole Fjeld,1,2,31,330,52
NG-18355,Nat Gilpin,1,2,31,330,53
NG-18430,Nathan Gelder,1,2,34,84,239
NH-18610,Nicole Hansen,1,1,42,215,405
NK-18490,Neil Knudson,1,4,46,453,620
NL-18310,Nancy Lomonaco,1,4,4,267,518
NM-18445,Nathan Mautz,1,2,31,330,54
NM-18520,Neoma Murray,1,4,4,410,550
NP-18325,Naresj Patel,1,3,45,512,100
NP-18670,Nora Paige,1,1,35,135,390
NP-18685,Nora Pelletier,1,2,31,333,70
NP-18700,Nora Preis,1,4,4,160,572
NR-18550,Nick Radford,1,1,12,25,343
NS-18505,Neola Schneider,1,1,42,110,410
NS-18640,Noel Staavos,1,1,12,81,346
NW-18400,Natalie Webber,1,4,36,484,606
NZ-18565,Nick Zandusky,1,2,34,95,222
ON-18715,Odella Nelson,1,1,22,130,305
OT-18730,Olvera Toch,1,4,4,267,518
PA-19060,Pete Armstrong,1,1,12,353,341
PB-18805,Patrick Bzostek,1,4,43,433,485
PB-19105,Peter Bühler,1,1,12,146,336
PB-19150,Philip Brown,1,4,4,267,514
PB-19210,Phillip Breyer,1,1,35,491,395
PC-18745,Pamela Coakley,1,4,4,439,578
PC-19000,Pauline Chand,1,4,4,267,514
PF-19120,Peter Fuller,1,4,2,167,492
PF-19165,Philip Fox,1,1,12,42,352
PF-19225,Phillip Flathmann,1,4,4,439,578
PG-18820,Patrick Gardner,1,4,4,439,577
PG-18895,Paul Gonzalez,1,1,22,411,311
PH-18790,Patricia Hirasaki,1,3,9,239,180
PJ-18835,Patrick Jones,1,3,41,318,195
PJ-19015,Pauline Johnson,1,4,4,447,562
PK-18910,Paul Knutson,1,2,37,375,82
PK-19075,Pete Kriz,1,1,48,273,294
PL-18925,Paul Lucas,1,1,12,81,346
PM-18940,Paul MacIntyre,1,1,21,216,277
PM-19135,Peter McVee,1,1,21,124,268
PN-18775,Parhena Norris,1,2,31,330,52
PO-18850,Patrick O'Brill,1,2,37,375,82
PO-18865,Patrick O'Donnell,1,1,21,517,265
PO-19180,Philisse Overcash,1,1,12,81,347
PO-19195,Phillina Ober,1,1,12,322,344
PP-18955,Paul Prost,1,3,10,459,136
PR-18880,Patrick Ryan,1,4,4,343,587
PS-18760,Pamela Stobb,1,4,4,267,515
PS-18970,Paul Stevenson,1,1,12,81,346
PS-19045,Penelope Sewall,1,3,32,75,122
PT-19090,Pete Takahito,1,1,42,208,424
PV-18985,Paul Van Hugh,1,4,4,439,578
PW-19030,Pauline Webber,1,3,16,408,212
PW-19240,Pierre Wener,1,4,5,268,460
QJ-19255,Quincy Jones,1,1,22,428,303
RA-19285,Ralph Arnett,1,2,31,330,55
RA-19885,Ruben Ausman,1,4,4,267,519
RA-19915,Russell Applegate,1,1,42,208,425
RA-19945,Ryan Akin,1,4,4,320,553
RB-19330,Randy Bradley,1,2,37,375,82
RB-19360,Raymond Buch,1,2,31,24,65
RB-19435,Richard Bierner,1,1,24,427,358
RB-19465,Rick Bensley,1,1,12,81,346
RB-19570,Rob Beeghly,1,1,13,95,252
RB-19645,Robert Barroso,1,4,27,339,510
RB-19705,Roger Barcio,1,4,36,390,605
RB-19795,Ross Baird,1,3,32,165,120
RC-19825,Roy Collins,1,1,12,81,346
RC-19960,Ryan Crowe,1,2,34,95,222
RD-19480,Rick Duston,1,4,46,348,626
RD-19585,Rob Dowd,1,3,16,195,217
RD-19660,Robert Dilbeck,1,1,24,429,361
RD-19720,Roger Demir,1,3,9,114,145
RD-19810,Ross DeVincentis,1,4,4,267,518
RD-19900,Ruben Dartt,1,4,30,66,508
RD-19930,Russell D'Ascenzo,1,1,42,26,450
RE-19405,Ricardo Emerson,1,2,34,226,233
RE-19450,Richard Eichhorn,1,1,42,110,407
RF-19345,Randy Ferguson,1,2,28,125,21
RF-19735,Roland Fjeld,1,1,21,488,264
RF-19840,Roy Französisch,1,2,31,330,54
RH-19495,Rick Hansen,1,1,22,411,311
RH-19510,Rick Huthwaite,1,2,38,391,17
RH-19555,Ritsa Hightower,1,3,9,472,150
RH-19600,Rob Haberlin,1,3,1,210,187
RK-19300,Ralph Kennedy,1,2,37,375,81
RL-19615,Rob Lucas,1,3,1,311,188
RM-19375,Raymond Messe,1,1,42,208,425
RM-19675,Robert Marley,1,3,17,309,380
RM-19750,Roland Murray,1,2,31,330,53
RO-19780,Rose O'Brian,1,3,41,290,202
RP-19270,Rachel Payne,1,4,4,410,550
RP-19390,Resi Pölking,1,2,34,87,229
RP-19855,Roy Phan,1,1,48,225,290
RR-19315,Ralph Ritter,1,4,4,439,577
RR-19525,Rick Reed,1,2,20,270,6
RS-19420,Ricardo Sperren,1,4,46,453,621
RS-19765,Roland Schwarz,1,2,31,317,56
RS-19870,Roy Skaria,1,1,14,61,287
RW-19540,Rick Wilson,1,4,2,294,490
RW-19630,Rob Williams,1,1,42,110,411
RW-19690,Robert Waldorf,1,3,32,522,124
SA-20830,Sue Ann Reed,1,1,12,81,346
SB-20170,Sarah Bern,1,2,31,330,55
SB-20185,Sarah Brown,1,2,28,97,20
SB-20290,Sean Braxton,1,1,42,208,422
SC-20020,Sam Craven,1,1,42,380,400
SC-20050,Sample Company A,1,2,6,341,26
SC-20095,Sanjit Chand,1,4,4,97,582
SC-20230,Scot Coram,1,1,42,17,413
SC-20260,Scott Cohen,1,4,4,439,578
SC-20305,Sean Christensen,1,1,21,412,271
SC-20380,Shahid Collister,1,4,46,453,621
SC-20440,Shaun Chance,1,4,5,25,457
SC-20575,Sonia Cooley,1,1,13,303,249
SC-20680,Steve Carroll,1,3,10,95,144
SC-20695,Steve Chapman,1,3,9,198,157
SC-20725,Steven Cartwright,1,2,7,522,85
SC-20770,Stewart Carmichael,1,3,1,117,185
SC-20800,Stuart Calhoun,1,1,42,208,423
SC-20845,Sung Chung,1,1,12,18,323
SD-20485,Shirley Daniels,1,2,31,329,58
SE-20110,Sanjit Engle,1,2,31,330,52
SF-20065,Sandra Flanagan,1,2,37,375,81
SF-20200,Sarah Foster,1,4,46,284,625
SF-20965,Sylvia Foulston,1,1,21,115,260
SG-20080,Sandra Glassco,1,1,24,211,362
SG-20470,Sheri Gordon,1,2,31,330,53
SG-20605,Speros Goranitis,1,2,31,330,52
SG-20890,Susan Gilcrest,1,1,42,286,443
SH-19975,Sally Hughsby,1,4,4,439,578
SH-20395,Shahid Hopkins,1,3,45,17,96
SH-20635,Stefanie Holloman,1,3,41,216,204
SJ-20125,Sanjit Jacobs,1,2,29,327,51
SJ-20215,Sarah Jordon,1,1,42,173,403
SJ-20500,Shirley Jackson,1,1,42,208,422
SK-19990,Sally Knutson,1,2,6,148,33
SL-20155,Sara Luxemburg,1,3,9,217,149
SM-20005,Sally Matthias,1,2,31,330,52
SM-20320,Sean Miller,1,3,32,309,121
SM-20905,Susan MacKendrick,1,2,34,331,219
SM-20950,Suzanne McNair,1,3,32,180,117
SN-20560,Skye Norling,1,4,4,267,515
SN-20710,Steve Nguyen,1,1,42,208,423
SO-20335,Sean O'Donnell,1,3,9,154,170
SP-20545,Sibella Parks,1,2,31,330,53
SP-20620,Stefania Perrino,1,2,37,375,80
SP-20650,Stephanie Phelps,1,4,4,441,590
SP-20860,Sung Pak,1,2,37,375,82
SP-20920,Susan Pistek,1,4,4,267,517
SR-20425,Sharelle Roach,1,4,5,268,460
SR-20740,Steven Roelle,1,2,31,330,54
SS-20140,Saphhira Shifley,1,2,38,505,15
SS-20410,Shahid Shariari,1,4,4,267,515
SS-20515,Shirley Schmidt,1,3,16,268,210
SS-20590,Sonia Sunley,1,4,46,453,621
SS-20875,Sung Shariari,1,1,42,110,411
ST-20530,Shui Tom,1,2,34,364,231
SU-20665,Stephanie Ulpright,1,3,23,216,207
SV-20365,Seth Vernon,1,2,7,125,86
SV-20785,Stewart Visinsky,1,4,5,393,471
SV-20815,Stuart Van,1,1,42,208,423
SV-20935,Susan Vittorini,1,2,31,330,52
SW-20245,Scot Wooten,1,4,4,467,591
SW-20275,Scott Williamson,1,3,23,216,207
SW-20350,Sean Wendt,1,1,21,124,268
SW-20455,Shaun Weien,1,3,45,468,103
SW-20755,Steven Ward,1,2,31,330,52
SZ-20035,Sam Zeldin,1,4,4,377,525
TA-21385,Tom Ashbrook,1,2,31,330,54
TB-21055,Ted Butterfield,1,2,31,489,64
TB-21175,Thomas Boland,1,1,42,208,423
TB-21190,Thomas Brumley,1,3,3,151,387
TB-21250,Tim Brockman,1,2,31,330,54
TB-21280,Toby Braunhardt,1,2,8,506,87
TB-21355,Todd Boyes,1,2,31,330,52
TB-21400,Tom Boeckenhauer,1,4,46,453,620
TB-21520,Tracy Blumstein,1,2,37,375,81
TB-21595,Troy Blackwell,1,1,13,95,252
TB-21625,Trudy Brown,1,1,42,173,403
TC-20980,Tamara Chand,1,4,46,453,620
TC-21145,Theresa Coyne,1,2,29,241,49
TC-21295,Toby Carlisle,1,4,4,438,538
TC-21475,Tony Chapman,1,3,10,95,144
TC-21535,Tracy Collins,1,3,45,17,96
TD-20995,Tamara Dahlen,1,2,20,270,6
TG-21310,Toby Gnade,1,4,4,267,519
TG-21640,Trudy Glocke,1,4,4,263,527
TH-21100,Thea Hendricks,1,4,4,267,518
TH-21115,Thea Hudgings,1,2,37,375,81
TH-21235,Tiffany House,1,1,42,110,407
TH-21550,Tracy Hopkins,1,2,31,330,55
TM-21010,Tamara Manning,1,4,4,439,578
TM-21490,Tony Molinari,1,1,35,346,392
TN-21040,Tanja Norvell,1,4,2,376,489
TP-21130,Theone Pippenger,1,2,37,375,80
TP-21415,Tom Prescott,1,4,46,453,621
TP-21565,Tracy Poddar,1,4,5,25,457
TR-21325,Toby Ritter,1,2,29,36,42
TS-21085,Thais Sissman,1,4,2,376,489
TS-21160,Theresa Swint,1,2,34,486,225
TS-21205,Thomas Seio,1,2,29,185,44
TS-21340,Toby Swindell,1,1,42,208,423
TS-21370,Todd Sumrall,1,2,31,330,55
TS-21430,Tom Stivers,1,4,4,267,518
TS-21505,Tony Sayre,1,3,41,94,205
TS-21610,Troy Staebel,1,4,2,376,489
TS-21655,Trudy Schmidt,1,1,48,300,292
TT-21070,Ted Trevino,1,4,4,267,518
TT-21220,Thomas Thornton,1,1,42,208,423
TT-21265,Tim Taslimi,1,4,4,267,518
TT-21460,Tonja Turnell,1,1,12,25,343
TW-21025,Tamara Willingham,1,4,2,452,493
TZ-21580,Tracy Zic,1,4,5,268,460
VB-21745,Victoria Brennan,1,3,10,95,144
VD-21670,Valerie Dominguez,1,3,41,94,205
VF-21715,Vicky Freymann,1,1,13,95,252
VG-21790,Vivek Gonzalez,1,4,4,438,540
VG-21805,Vivek Grady,1,3,45,501,104
VM-21685,Valerie Mitchum,1,2,29,516,41
VM-21835,Vivian Mathis,1,2,7,331,84
VP-21730,Victor Preis,1,4,27,246,511
VP-21760,Victoria Pisteka,1,4,4,439,576
VS-21820,Vivek Sundaresam,1,4,4,267,517
VT-21700,Valerie Takahito,1,2,37,375,82
VW-21775,Victoria Wilson,1,2,34,288,234
WB-21850,William Brown,1,2,37,375,80
XP-21865,Xylona Preis,1,4,4,438,538
YC-21895,Yoseph Carroll,1,4,4,439,577
YS-21880,Yana Sorensen,1,3,32,61,109
ZC-21910,Zuschuss Carroll,1,4,36,431,607
ZD-21925,Zuschuss Donatelli,1,4,4,439,576
